{"cameraMode":{"drawMode":0,"name":"Shaded","section":"Shading Mode"},"sceneLighting":true,"audioPlay":false,"sceneViewState":{"m_AlwaysRefresh":false,"showFog":true,"showSkybox":true,"showFlares":true,"showImageEffects":true,"showParticleSystems":true,"showVisualEffectGraphs":true,"m_FxEnabled":true},"in2DMode":false,"pivot":{"x":-1.2663904428482056,"y":0.19199183583259583,"z":-0.254609078168869},"rotation":{"x":0.06072903051972389,"y":0.08407115936279297,"z":-0.004023730289191008,"w":0.9943903088569641},"size":3.319986581802368,"orthographic":false}